年月日,平均気温(℃),最高気温(℃),最低気温(℃)
2025/1/1,5.9,12.1,1.9
2025/1/2,6.2,12.3,1.1
2025/1/3,6.4,11.0,3.5
2025/1/4,5.0,9.1,2.6
2025/1/5,4.6,10.0,0.1
2025/1/6,6.1,8.0,3.6
2025/1/7,5.4,9.3,1.9
2025/1/8,3.4,8.0,0.3
2025/1/9,2.7,8.0,-0.6
2025/1/10,1.1,4.7,-2.0
2025/1/11,3.6,7.2,1.0
2025/1/12,4.2,9.2,1.7
2025/1/13,4.5,9.8,0.7
2025/1/14,5.7,10.5,0.2
2025/1/15,5.6,9.4,2.5
2025/1/16,4.7,8.3,1.5
2025/1/17,4.5,8.0,2.4
2025/1/18,5.4,10.8,2.3
2025/1/19,7.5,14.7,1.8
2025/1/20,9.0,13.5,6.4
2025/1/21,8.0,12.9,4.2
2025/1/22,6.5,12.6,2.0
2025/1/23,7.6,14.0,2.7
2025/1/24,8.0,14.6,3.7
2025/1/25,6.1,10.3,3.3
2025/1/26,5.3,10.5,2.2
2025/1/27,6.0,9.7,1.9
2025/1/28,6.5,9.7,3.4
2025/1/29,5.0,9.3,2.3
2025/1/30,3.6,7.0,0.9
2025/1/31,4.8,8.8,1.5
2025/2/1,6.1,9.7,3.0
2025/2/2,7.6,11.0,4.9
2025/2/3,7.7,11.5,4.1
2025/2/4,2.9,7.1,-0.3
2025/2/5,0.4,5.3,-1.9
2025/2/6,1.2,6.2,-2.7
2025/2/7,1.3,6.2,-2.0
2025/2/8,-0.2,4.0,-3.4
2025/2/9,2.3,7.1,-1.5
2025/2/10,2.9,8.8,-1.8
2025/2/11,3.6,7.4,0.8
2025/2/12,3.4,6.1,-0.7
2025/2/13,5.1,7.5,2.0
2025/2/14,4.8,10.8,0.1
2025/2/15,7.2,14.1,0.3
2025/2/16,8.7,12.7,6.1
2025/2/17,5.4,10.6,1.7
2025/2/18,2.8,7.0,0.2
2025/2/19,2.1,5.7,0.4
2025/2/20,2.6,7.1,-0.8
2025/2/21,2.9,7.0,-0.2
2025/2/22,2.1,6.1,-0.2
2025/2/23,2.9,8.6,-0.5
2025/2/24,2.1,6.0,-0.2
2025/2/25,5.3,10.9,1.4
2025/2/26,7.7,13.2,4.1
2025/2/27,8.1,15.2,1.9
2025/2/28,10.0,13.4,7.0
2025/3/1,12.3,19.4,7.7
2025/3/2,12.9,14.1,11.4
2025/3/3,7.7,11.6,5.6
2025/3/4,6.0,8.3,3.7
2025/3/5,9.6,11.9,7.4
2025/3/6,6.8,10.6,3.6
2025/3/7,4.5,8.1,2.5
2025/3/8,5.0,11.1,0.9
2025/3/9,6.4,12.9,1.2
2025/3/10,8.8,16.4,1.6
2025/3/11,9.9,11.7,7.9
2025/3/12,13.2,18.1,8.1
2025/3/13,12.6,18.1,7.6
2025/3/14,10.4,18.5,5.5
2025/3/15,7.1,8.9,5.3
2025/3/16,9.0,11.2,6.8
2025/3/17,6.0,9.6,3.1
2025/3/18,6.2,13.0,0.9
2025/3/19,4.2,7.5,1.8
2025/3/20,5.5,11.5,0.0
2025/3/21,10.1,17.9,2.7
2025/3/22,14.5,22.6,6.2
2025/3/23,15.5,24.0,8.6
2025/3/24,15.2,23.0,10.2
2025/3/25,17.3,25.6,10.2
2025/3/26,17.0,23.0,13.0
2025/3/27,17.6,24.7,11.6
2025/3/28,14.8,19.2,8.6
2025/3/29,9.5,13.6,7.2
2025/3/30,7.2,11.2,4.2
2025/3/31,7.5,13.0,2.7
2025/4/1,10.2,14.6,5.6
2025/4/2,12.2,15.9,9.0
2025/4/3,11.3,16.6,8.7
2025/4/4,9.8,14.7,6.9
2025/4/5,11.6,17.9,4.3
2025/4/6,14.4,21.9,10.4
2025/4/7,13.6,19.6,8.2
2025/4/8,14.7,23.7,7.4
2025/4/9,15.2,22.5,9.5
2025/4/10,16.0,21.3,11.4
2025/4/11,15.4,21.6,12.1
2025/4/12,16.4,23.9,9.0
2025/4/13,14.0,17.3,9.3
2025/4/14,12.3,19.0,6.1
2025/4/15,11.5,15.4,8.4
2025/4/16,12.8,19.7,5.3
2025/4/17,18.2,26.5,10.1
2025/4/18,20.7,26.8,15.3
2025/4/19,22.2,29.6,16.4
2025/4/20,20.7,24.9,17.3
2025/4/21,18.4,26.3,12.1
2025/4/22,19.9,26.2,13.6
2025/4/23,19.0,22.6,15.7
2025/4/24,17.2,23.3,12.8
2025/4/25,15.6,21.2,11.2
2025/4/26,15.2,23.3,8.0
2025/4/27,18.0,26.1,9.1
2025/4/28,16.3,21.9,11.7
2025/4/29,13.9,18.8,9.7
2025/4/30,16.3,25.4,7.7
2025/5/1,19.2,25.1,11.8
2025/5/2,16.7,21.6,12.2
2025/5/3,17.0,23.7,9.7
2025/5/4,18.5,23.6,12.4
2025/5/5,18.0,24.9,9.8
2025/5/6,15.4,18.3,13.5
2025/5/7,15.7,20.5,11.6
2025/5/8,17.2,25.2,8.8
2025/5/9,18.9,24.3,16.8
2025/5/10,21.2,24.6,17.1
2025/5/11,18.9,22.8,15.1
2025/5/12,17.9,23.4,14.4
2025/5/13,20.3,28.0,12.2
2025/5/14,21.7,28.6,15.0
2025/5/15,21.6,26.7,16.1
2025/5/16,22.0,25.4,18.8
2025/5/17,22.2,25.2,19.1
2025/5/18,24.3,29.8,19.8
2025/5/19,21.7,26.0,18.4
2025/5/20,24.9,31.3,17.5
2025/5/21,25.3,30.6,22.3
2025/5/22,23.1,29.7,18.2
2025/5/23,21.0,27.7,16.7
2025/5/24,19.1,20.9,17.3
2025/5/25,18.3,20.4,15.3
2025/5/26,16.7,20.4,14.3
2025/5/27,19.0,25.6,13.3
2025/5/28,22.1,27.7,16.3
2025/5/29,21.3,24.2,18.9
2025/5/30,20.9,26.7,16.7
2025/5/31,19.0,21.9,16.7
2025/6/1,18.5,22.5,15.7
2025/6/2,21.1,27.9,14.3
2025/6/3,18.9,20.8,17.6
2025/6/4,21.8,27.6,17.0
2025/6/5,22.3,30.0,15.0
2025/6/6,23.6,29.9,16.7
2025/6/7,24.5,28.9,19.2
2025/6/8,23.3,28.0,20.5
2025/6/9,21.6,26.8,18.7
2025/6/10,21.6,24.3,19.2
2025/6/11,22.6,24.9,20.9
2025/6/12,22.8,27.9,18.8
2025/6/13,24.5,31.4,17.7
2025/6/14,22.7,24.0,21.7
2025/6/15,24.5,27.0,22.7
2025/6/16,28.2,34.6,22.7
2025/6/17,29.4,34.8,25.8
2025/6/18,29.2,36.5,22.9
2025/6/19,29.1,36.1,23.7
2025/6/20,28.7,35.8,22.6
2025/6/21,28.5,34.0,24.8
2025/6/22,29.4,34.3,25.7
2025/6/23,27.4,29.8,23.3
2025/6/24,25.6,29.4,23.9
2025/6/25,28.1,33.2,24.3
2025/6/26,26.9,31.5,23.9
2025/6/27,26.9,32.6,22.9
2025/6/28,27.8,34.0,22.5
2025/6/29,29.0,36.2,22.3
2025/6/30,29.8,36.8,25.4
2025/7/1,30.7,36.6,25.5
2025/7/2,29.2,35.9,25.2
2025/7/3,28.9,35.0,24.8
2025/7/4,30.9,36.1,26.1
2025/7/5,30.6,36.1,27.3
2025/7/6,30.6,36.3,26.6
2025/7/7,31.3,37.9,26.4
2025/7/8,30.1,35.0,27.4
2025/7/9,30.8,36.8,27.0
2025/7/10,31.2,36.6,26.2
2025/7/11,30.2,36.3,26.4
2025/7/12,29.8,35.4,25.5
2025/7/13,29.1,34.6,25.2
2025/7/14,28.7,34.3,25.2
2025/7/15,29.7,35.2,25.2
2025/7/16,28.0,34.6,24.3
2025/7/17,26.1,27.2,24.7
2025/7/18,27.7,33.8,24.3
2025/7/19,29.5,34.9,24.7
2025/7/20,30.8,36.8,26.1
2025/7/21,31.6,36.7,27.6
2025/7/22,31.7,37.6,27.2
2025/7/23,31.4,37.2,27.2
2025/7/24,31.4,37.9,27.1
2025/7/25,30.3,36.8,27.4
2025/7/26,30.0,36.6,26.5
2025/7/27,30.5,37.4,25.9
2025/7/28,31.2,37.5,25.2
2025/7/29,32.4,38.7,26.9
2025/7/30,32.6,39.6,27.2
2025/7/31,32.4,38.1,28.7
2025/8/1,31.6,38.5,27.9
2025/8/2,31.2,37.1,27.6
2025/8/3,31.8,38.6,27.1
2025/8/4,31.7,37.2,27.2
2025/8/5,32.1,37.7,28.8
2025/8/6,32.9,38.3,29.3
2025/8/7,29.2,34.2,25.3
2025/8/8,27.8,34.2,24.2
2025/8/9,27.9,34.7,23.1
2025/8/10,26.9,29.0,24.9
2025/8/11,27.2,30.3,24.3
2025/8/12,29.0,32.0,26.9
2025/8/13,29.3,33.9,26.4
2025/8/14,30.1,35.2,26.2
2025/8/15,29.2,35.6,25.9
2025/8/16,29.9,36.9,25.2
2025/8/17,29.1,35.4,26.3
2025/8/18,30.3,37.3,24.9
2025/8/19,31.0,36.2,26.2
2025/8/20,31.3,36.7,26.6
2025/8/21,31.3,37.3,27.0
2025/8/22,31.1,36.9,26.4
2025/8/23,30.9,34.8,26.8
2025/8/24,30.7,36.3,27.2
2025/8/25,29.4,37.4,26.0
2025/8/26,30.1,35.3,26.6
2025/8/27,29.2,35.6,26.5
2025/8/28,29.8,34.8,25.1
2025/8/29,30.5,36.1,26.5
2025/8/30,31.4,38.0,26.5
2025/8/31,31.9,38.1,26.3
2025/9/1,31.4,37.2,27.4
2025/9/2,31.4,37.1,27.0
2025/9/3,30.4,35.4,25.8
2025/9/4,28.7,32.5,26.1
2025/9/5,27.8,32.1,25.2
2025/9/6,28.9,35.3,23.5
2025/9/7,29.1,34.7,24.1
2025/9/8,30.1,35.0,26.3
2025/9/9,30.5,36.7,26.7
2025/9/10,29.8,35.3,26.3
2025/9/11,26.8,30.5,23.6
2025/9/12,27.3,33.0,24.6
2025/9/13,27.9,31.4,24.9
2025/9/14,29.5,32.5,27.4
2025/9/15,29.7,35.0,26.6
2025/9/16,30.1,36.7,25.0
2025/9/17,30.4,34.4,27.6
2025/9/18,28.5,32.9,25.1
2025/9/19,26.4,31.0,23.0
2025/9/20,27.1,29.4,24.2
2025/9/21,25.2,28.8,22.1
2025/9/22,24.4,29.4,19.6
2025/9/23,24.8,27.9,22.8
2025/9/24,24.7,27.5,23.4
2025/9/25,24.9,26.4,23.8
2025/9/26,26.0,29.4,23.2
2025/9/27,23.9,29.9,19.9
2025/9/28,24.0,31.4,18.8
2025/9/29,24.4,28.7,21.5
2025/9/30,23.3,28.8,18.5
2025/10/1,23.6,29.7,19.7
2025/10/2,22.8,28.4,18.0
2025/10/3,22.9,26.4,20.4
2025/10/4,21.1,22.2,19.5
2025/10/5,22.6,24.6,20.5
2025/10/6,23.5,28.6,19.9
2025/10/7,24.8,29.2,20.7
2025/10/8,25.5,31.0,21.4
2025/10/9,23.6,27.1,19.6
2025/10/10,22.3,27.9,17.5
2025/10/11,23.4,26.5,20.6
2025/10/12,24.3,26.8,22.3
2025/10/13,24.3,28.0,21.5
2025/10/14,24.2,30.4,20.1
2025/10/15,23.3,26.7,21.3
2025/10/16,23.3,24.7,22.2
2025/10/17,23.3,28.8,18.7
2025/10/18,21.9,24.2,19.0
2025/10/19,21.1,23.5,19.1
2025/10/20,19.6,23.5,16.7
2025/10/21,16.5,18.8,14.5
2025/10/22,14.7,16.4,13.0
2025/10/23,17.0,24.1,12.2
2025/10/24,16.5,22.8,11.8
2025/10/25,17.8,22.5,14.6
2025/10/26,19.0,21.2,17.6
2025/10/27,17.5,22.4,13.1
2025/10/28,13.5,18.3,9.7
2025/10/29,13.0,19.6,8.7
2025/10/30,15.4,21.6,8.5
2025/10/31,15.3,18.0,13.0
2025/11/1,15.7,21.3,12.2
2025/11/2,14.4,20.1,10.7
2025/11/3,12.2,15.9,9.1
2025/11/4,12.5,18.0,6.7
2025/11/5,15.1,17.3,12.4
2025/11/6,16.0,22.3,11.9
2025/11/7,14.6,20.5,11.2
2025/11/8,14.6,20.1,8.8
2025/11/9,15.2,16.2,14.2
2025/11/10,13.9,17.8,9.0
2025/11/11,11.4,17.3,7.2
2025/11/12,11.8,16.2,7.3
2025/11/13,13.9,17.1,11.3
2025/11/14,14.0,20.1,10.2
2025/11/15,13.3,19.5,9.1
2025/11/16,13.0,20.2,7.6
2025/11/17,14.4,22.2,9.3
2025/11/18,10.5,13.1,7.1
2025/11/19,8.0,10.9,5.5
2025/11/20,8.9,15.1,3.8
2025/11/21,10.9,18.0,5.3
2025/11/22,10.9,16.9,7.0
2025/11/23,10.8,17.8,5.4
2025/11/24,11.3,17.4,6.2
2025/11/25,11.5,13.5,10.0
2025/11/26,11.6,15.4,8.2
2025/11/27,11.5,17.7,6.4
2025/11/28,11.9,14.9,9.0
2025/11/29,10.2,15.2,7.1
2025/11/30,10.2,16.9,4.9
2025/12/1,13.2,19.4,7.8
2025/12/2,14.1,19.3,10.4
2025/12/3,9.0,13.3,3.0
2025/12/4,4.8,8.3,1.7
2025/12/5,6.1,10.9,2.0
2025/12/6,6.2,12.4,1.5
2025/12/7,8.4,15.5,2.9
2025/12/8,9.8,15.0,6.6
2025/12/9,7.9,12.7,4.3
2025/12/10,7.7,13.6,3.5
2025/12/11,10.3,16.2,4.9
2025/12/12,6.5,11.3,4.2
2025/12/13,6.7,11.0,1.7
2025/12/14,9.7,13.4,6.0
2025/12/15,6.6,10.3,4.1
2025/12/16,7.0,13.1,2.5
2025/12/17,8.1,12.1,4.3
2025/12/18,7.8,12.3,4.0
2025/12/19,8.1,15.0,1.5
2025/12/20,13.4,18.7,8.3
2025/12/21,12.1,14.2,10.0
2025/12/22,7.7,10.2,3.9
2025/12/23,7.8,13.9,1.6
2025/12/24,11.5,14.1,8.9
2025/12/25,10.9,12.8,6.5
2025/12/26,4.0,6.6,2.0
2025/12/27,4.2,8.4,0.7
2025/12/28,5.3,10.5,2.2
2025/12/29,7.0,13.1,1.2
2025/12/30,8.7,13.5,5.3
2025/12/31,5.8,9.7,2.9
